1;1493914793;1;1;c2V0IGlzIGEgYnVpbHRpbiAoYXMgeW91IGNhbiBzZWUgZnJvbSBTTydzIHN5bnRheCBoaWdobGlnaHRpbmcpLCBzbyBieSBnaXZpbmcgeW91ciB2YXJpYWJsZSB0aGF0IG5hbWUgeW91J3JlIHNoYWRvd2luZyB0aGUgYnVpbHRpbiBmb3Igbm8gcHVycG9zZSwgd2hpY2ggaXMgYXQgbGVhc3QgYmFkIHByYWN0aWNlLCBhbmQgbGlrZWx5IHRvIGNhdXNlIGlzc3VlcyBsYXRlciBpbiB0aGUgY29kZS4=
2;1493914876;6;2;QmV0dGVyIHlldCwgdGhlIGNhbm9uaWNhbCB3YXkgdG8gd3JpdGUgdGhhdCBjb2RlIHNuaXBwZXQgaXM6
3;1493914973;2;3;VGhhdCB3YXkgeW91IGRvbid0IGV2ZW4gaGF2ZSB0byBjaGVjayAnc2V0JyBhdCB0aGF0IHBvaW50Lg==
4;1493915044;3;4;dHVybnMgb3V0IGVycm9yIHdhcyBjYXVzZWQgYnkgc29tZSAucHljIGZpbGVzIG5vdCB1cGRhdGluZy4=
5;1493918560;4;5;RXhwbGFuYXRpb246IElmIHlvdSB3YW50IHRvIGluc3BlY3QgdGhlIGV4Y2VwdGlvbiB0aGF0IHdhcyB0aHJvd24sIHRoZSBzeW50YXggaXMgZXhjZXB0
6;1493919110;5;6;SGVyZSdzIHdoYXQgaGFwcGVucyBpbiB0aGUgZmFpbGluZyBjb2RlOg==
7;1493934269;0;<q_id>;WWVhaCB0aGlzIGlzIGJhZCBtYW4=
8;1493934557;0;6;VGhpcyBpcyBiYWQgbWFu
9;1493938190;0;6;SSBob3BlIHRoaXMgd2lsbCB3b3JrOg==
10;1493938497;0;6;aGVybyBuYWthbXVyYSBjb3VsZCBoZWxwIHlvdSBpbiB0aGlzIGNhc2UgYnJv
11;1493938594;0;5;VGhpcyBpcyBqdXN0IGEgdGVzdCE=
12;1493966691;0;7;bmVtIHR1ZG9tIGEgdsOhbGFzenQgc2U=
13;1493973059;0;7;ZXogZWd5IHbDoWxhc3o=
14;1493974310;0;7;ZWZsbndvdm5vd3JpZnY=
